{
    "name": "root",
    "gauges": {
        "SoccerAgent.Policy.Entropy.mean": {
            "value": 0.6309480667114258,
            "min": 0.629056990146637,
            "max": 2.0697286128997803,
            "count": 100
        },
        "SoccerAgent.Policy.Entropy.sum": {
            "value": 12618.9619140625,
            "min": 12540.8798828125,
            "max": 44001.953125,
            "count": 100
        },
        "SoccerAgent.Step.mean": {
            "value": 999994.0,
            "min": 9987.0,
            "max": 999994.0,
            "count": 100
        },
        "SoccerAgent.Step.sum": {
            "value": 999994.0,
            "min": 9987.0,
            "max": 999994.0,
            "count": 100
        },
        "SoccerAgent.Policy.ExtrinsicValueEstimate.mean": {
            "value": -0.34985044598579407,
            "min": -0.45069050788879395,
            "max": -0.08090812712907791,
            "count": 100
        },
        "SoccerAgent.Policy.ExtrinsicValueEstimate.sum": {
            "value": -42.331905364990234,
            "min": -48.5514030456543,
            "max": -11.084413528442383,
            "count": 100
        },
        "SoccerAgent.Environment.EpisodeLength.mean": {
            "value": 143.57746478873239,
            "min": 110.34722222222223,
            "max": 389.5625,
            "count": 100
        },
        "SoccerAgent.Environment.EpisodeLength.sum": {
            "value": 20388.0,
            "min": 13028.0,
            "max": 24932.0,
            "count": 100
        },
        "SoccerAgent.Self-play.ELO.mean": {
            "value": 923.9891669765726,
            "min": 923.9891669765726,
            "max": 1199.5,
            "count": 100
        },
        "SoccerAgent.Self-play.ELO.sum": {
            "value": 53591.37168464121,
            "min": 1199.5,
            "max": 79626.05095356125,
            "count": 100
        },
        "SoccerAgent.Environment.CumulativeReward.mean": {
            "value": -0.7924755723281226,
            "min": -1.9862501863390207,
            "max": -0.10827214653707212,
            "count": 100
        },
        "SoccerAgent.Environment.CumulativeReward.sum": {
            "value": -56.2657656352967,
            "min": -68.81934228539467,
            "max": -7.795594550669193,
            "count": 100
        },
        "SoccerAgent.Policy.ExtrinsicReward.mean": {
            "value": -0.7924755723281226,
            "min": -1.9862501863390207,
            "max": -0.10827214653707212,
            "count": 100
        },
        "SoccerAgent.Policy.ExtrinsicReward.sum": {
            "value": -56.2657656352967,
            "min": -68.81934228539467,
            "max": -7.795594550669193,
            "count": 100
        },
        "SoccerAgent.Losses.PolicyLoss.mean": {
            "value": 0.09775021094822964,
            "min": 0.08876238258542597,
            "max": 0.10783356122607589,
            "count": 100
        },
        "SoccerAgent.Losses.PolicyLoss.sum": {
            "value": 0.4887510547411482,
            "min": 0.2760507839529253,
            "max": 0.5197238325790473,
            "count": 100
        },
        "SoccerAgent.Losses.ValueLoss.mean": {
            "value": 0.048204970945406586,
            "min": 0.0013416673910233799,
            "max": 0.07170758438152985,
            "count": 100
        },
        "SoccerAgent.Losses.ValueLoss.sum": {
            "value": 0.24102485472703294,
            "min": 0.006708336955116899,
            "max": 0.30147130650819765,
            "count": 100
        },
        "SoccerAgent.Policy.LearningRate.mean": {
            "value": 1.5052594982799961e-06,
            "min": 1.5052594982799961e-06,
            "max": 0.00029834950055016664,
            "count": 100
        },
        "SoccerAgent.Policy.LearningRate.sum": {
            "value": 7.5262974913999806e-06,
            "min": 7.5262974913999806e-06,
            "max": 0.0014777352074215994,
            "count": 100
        },
        "SoccerAgent.Policy.Epsilon.mean": {
            "value": 0.10050171999999999,
            "min": 0.10050171999999999,
            "max": 0.19944983333333335,
            "count": 100
        },
        "SoccerAgent.Policy.Epsilon.sum": {
            "value": 0.5025086,
            "min": 0.41002160000000004,
            "max": 0.9925784,
            "count": 100
        },
        "SoccerAgent.Policy.Beta.mean": {
            "value": 1.2458427999999992e-05,
            "min": 1.2458427999999992e-05,
            "max": 0.0004973041833333335,
            "count": 100
        },
        "SoccerAgent.Policy.Beta.sum": {
            "value": 6.229213999999996e-05,
            "min": 6.229213999999996e-05,
            "max": 0.00246363416,
            "count": 100
        },
        "SoccerAgent.IsTraining.mean": {
            "value": 1.0,
            "min": 1.0,
            "max": 1.0,
            "count": 100
        },
        "SoccerAgent.IsTraining.sum": {
            "value": 1.0,
            "min": 1.0,
            "max": 1.0,
            "count": 100
        }
    },
    "metadata": {
        "timer_format_version": "0.1.0",
        "start_time_seconds": "1759605438",
        "python_version": "3.10.12 | packaged by Anaconda, Inc. | (main, Jul  5 2023, 19:01:18) [MSC v.1916 64 bit (AMD64)]",
        "command_line_arguments": "C:\\Users\\sanic\\miniconda3\\envs\\mlagents\\Scripts\\mlagents-learn configs/basic.yaml --run-id=run3",
        "mlagents_version": "1.2.0.dev0",
        "mlagents_envs_version": "1.2.0.dev0",
        "communication_protocol_version": "1.5.0",
        "pytorch_version": "2.2.2+cu121",
        "numpy_version": "1.23.5",
        "end_time_seconds": "1759608222"
    },
    "total": 2784.6270783999935,
    "count": 1,
    "self": 0.013803399982862175,
    "children": {
        "run_training.setup": {
            "total": 0.07328420004341751,
            "count": 1,
            "self": 0.07328420004341751
        },
        "TrainerController.start_learning": {
            "total": 2784.539990799967,
            "count": 1,
            "self": 1.386343190446496,
            "children": {
                "TrainerController._reset_env": {
                    "total": 7.9380159000866115,
                    "count": 10,
                    "self": 7.9380159000866115
                },
                "TrainerController.advance": {
                    "total": 2775.1161676094634,
                    "count": 66748,
                    "self": 1.3512881996575743,
                    "children": {
                        "env_step": {
                            "total": 1775.9316408023005,
                            "count": 66748,
                            "self": 1190.1741020812187,
                            "children": {
                                "SubprocessEnvManager._take_step": {
                                    "total": 584.9229497172637,
                                    "count": 66748,
                                    "self": 7.775698008364998,
                                    "children": {
                                        "TorchPolicy.evaluate": {
                                            "total": 577.1472517088987,
                                            "count": 126020,
                                            "self": 577.1472517088987
                                        }
                                    }
                                },
                                "workers": {
                                    "total": 0.8345890038181096,
                                    "count": 66748,
                                    "self": 0.0,
                                    "children": {
                                        "worker_root": {
                                            "total": 2776.407447701902,
                                            "count": 66748,