{
    "name": "root",
    "gauges": {
        "SoccerAgent.Policy.Entropy.mean": {
            "value": 1.2945098876953125,
            "min": 1.281544804573059,
            "max": 2.072303533554077,
            "count": 50
        },
        "SoccerAgent.Policy.Entropy.sum": {
            "value": 26097.3203125,
            "min": 25917.9609375,
            "max": 43909.5859375,
            "count": 50
        },
        "SoccerAgent.Step.mean": {
            "value": 499893.0,
            "min": 9984.0,
            "max": 499893.0,
            "count": 50
        },
        "SoccerAgent.Step.sum": {
            "value": 499893.0,
            "min": 9984.0,
            "max": 499893.0,
            "count": 50
        },
        "SoccerAgent.Policy.ExtrinsicValueEstimate.mean": {
            "value": -0.3573712408542633,
            "min": -0.5600013136863708,
            "max": 0.10948575288057327,
            "count": 50
        },
        "SoccerAgent.Policy.ExtrinsicValueEstimate.sum": {
            "value": -41.812435150146484,
            "min": -68.32015991210938,
            "max": 10.323724746704102,
            "count": 50
        },
        "SoccerAgent.Losses.PolicyLoss.mean": {
            "value": 0.0924417014730003,
            "min": 0.09192981058489143,
            "max": 0.10278691669474498,
            "count": 50
        },
        "SoccerAgent.Losses.PolicyLoss.sum": {
            "value": 0.4622085073650015,
            "min": 0.20311440245724816,
            "max": 0.5139345834737249,
            "count": 50
        },
        "SoccerAgent.Losses.ValueLoss.mean": {
            "value": 0.04850270407197343,
            "min": 0.004151779921482591,
            "max": 0.0547492493254443,
            "count": 50
        },
        "SoccerAgent.Losses.ValueLoss.sum": {
            "value": 0.24251352035986715,
            "min": 0.01795182441451794,
            "max": 0.2737462466272215,
            "count": 50
        },
        "SoccerAgent.Policy.LearningRate.mean": {
            "value": 2.7252990916000006e-06,
            "min": 2.7252990916000006e-06,
            "max": 0.00029685120104960003,
            "count": 50
        },
        "SoccerAgent.Policy.LearningRate.sum": {
            "value": 1.3626495458000004e-05,
            "min": 1.3626495458000004e-05,
            "max": 0.0014552160149279999,
            "count": 50
        },
        "SoccerAgent.Policy.Epsilon.mean": {
            "value": 0.10090840000000001,
            "min": 0.10090840000000001,
            "max": 0.19895040000000003,
            "count": 50
        },
        "SoccerAgent.Policy.Epsilon.sum": {
            "value": 0.504542,
            "min": 0.39790080000000005,
            "max": 0.9850720000000001,
            "count": 50
        },
        "SoccerAgent.Policy.Beta.mean": {
            "value": 1.4451160000000004e-05,
            "min": 1.4451160000000004e-05,
            "max": 0.0004948569599999997,
            "count": 50
        },
        "SoccerAgent.Policy.Beta.sum": {
            "value": 7.225580000000002e-05,
            "min": 7.225580000000002e-05,
            "max": 0.0024268527999999996,
            "count": 50
        },
        "SoccerAgent.Environment.EpisodeLength.mean": {
            "value": 157.03174603174602,
            "min": 101.90625,
            "max": 399.0,
            "count": 50
        },
        "SoccerAgent.Environment.EpisodeLength.sum": {
            "value": 19786.0,
            "min": 12768.0,
            "max": 26280.0,
            "count": 50
        },
        "SoccerAgent.Environment.CumulativeReward.mean": {
            "value": -0.8553404754530343,
            "min": -2.0000001415610313,
            "max": 0.2719006655582537,
            "count": 50
        },
        "SoccerAgent.Environment.CumulativeReward.sum": {
            "value": -53.88644995354116,
            "min": -88.36462975945324,
            "max": 26.102463893592358,
            "count": 50
        },
        "SoccerAgent.Policy.ExtrinsicReward.mean": {
            "value": -0.8553404754530343,
            "min": -2.0000001415610313,
            "max": 0.2719006655582537,
            "count": 50
        },
        "SoccerAgent.Policy.ExtrinsicReward.sum": {
            "value": -53.88644995354116,
            "min": -88.36462975945324,
            "max": 26.102463893592358,
            "count": 50
        },
        "SoccerAgent.IsTraining.mean": {
            "value": 1.0,
            "min": 1.0,
            "max": 1.0,
            "count": 50
        },
        "SoccerAgent.IsTraining.sum": {
            "value": 1.0,
            "min": 1.0,
            "max": 1.0,
            "count": 50
        },
        "SoccerAgent.Self-play.ELO.mean": {
            "value": 999.5983780061539,
            "min": 999.5983780061539,
            "max": 1199.7488035016397,
            "count": 49
        },
        "SoccerAgent.Self-play.ELO.sum": {
            "value": 46981.12376628923,
            "min": 7198.492821009839,
            "max": 95655.64341810356,
            "count": 49
        }
    },
    "metadata": {
        "timer_format_version": "0.1.0",
        "start_time_seconds": "1759603262",
        "python_version": "3.10.12 | packaged by Anaconda, Inc. | (main, Jul  5 2023, 19:01:18) [MSC v.1916 64 bit (AMD64)]",
        "command_line_arguments": "C:\\Users\\sanic\\miniconda3\\envs\\mlagents\\Scripts\\mlagents-learn configs/basic.yaml --run-id=run2 --force",
        "mlagents_version": "1.2.0.dev0",
        "mlagents_envs_version": "1.2.0.dev0",
        "communication_protocol_version": "1.5.0",
        "pytorch_version": "2.2.2+cu121",
        "numpy_version": "1.23.5",
        "end_time_seconds": "1759604625"
    },
    "total": 1363.0476076999912,
    "count": 1,
    "self": 0.011856699828058481,
    "children": {
        "run_training.setup": {
            "total": 0.0685641000745818,
            "count": 1,
            "self": 0.0685641000745818
        },
        "TrainerController.start_learning": {
            "total": 1362.9671869000886,
            "count": 1,
            "self": 0.7585525038884953,
            "children": {
                "TrainerController._reset_env": {
                    "total": 6.271037200000137,
                    "count": 5,
                    "self": 6.271037200000137
                },
                "TrainerController.advance": {
                    "total": 1355.8672660961747,
                    "count": 33535,
                    "self": 0.7158865882083774,
                    "children": {
                        "env_step": {
                            "total": 843.2475102180615,
                            "count": 33535,
                            "self": 537.9797606188804,
                            "children": {
                                "SubprocessEnvManager._take_step": {
                                    "total": 304.8380073949229,
                                    "count": 33535,
                                    "self": 4.072974591399543,
                                    "children": {
                                        "TorchPolicy.evaluate": {
                                            "total": 300.76503280352335,
                                            "count": 63022,
                                            "self": 300.76503280352335
                                        }
                                    }
                                },
                                "workers": {
                                    "total": 0.4297422042582184,
                                    "count": 33535,
                                    "self": 0.0,
                                    "children": {
                                        "worker_root": {
                                            "total": 1356.9421832113294,
                                            "count": 33535,