{
    "name": "root",
    "gauges": {
        "SoccerAgent.Policy.Entropy.mean": {
            "value": 1.2193611860275269,
            "min": 1.2191219329833984,
            "max": 2.092684507369995,
            "count": 50
        },
        "SoccerAgent.Policy.Entropy.sum": {
            "value": 24348.203125,
            "min": 15954.42578125,
            "max": 51429.8125,
            "count": 50
        },
        "SoccerAgent.Step.mean": {
            "value": 499960.0,
            "min": 9954.0,
            "max": 499960.0,
            "count": 50
        },
        "SoccerAgent.Step.sum": {
            "value": 499960.0,
            "min": 9954.0,
            "max": 499960.0,
            "count": 50
        },
        "SoccerAgent.Policy.ExtrinsicValueEstimate.mean": {
            "value": 0.20504316687583923,
            "min": -67.79058074951172,
            "max": 0.20504316687583923,
            "count": 50
        },
        "SoccerAgent.Policy.ExtrinsicValueEstimate.sum": {
            "value": 25.22031021118164,
            "min": -6956.0556640625,
            "max": 25.22031021118164,
            "count": 50
        },
        "SoccerAgent.Losses.PolicyLoss.mean": {
            "value": 0.09294730774037528,
            "min": 0.08775570244067589,
            "max": 0.10566445170396313,
            "count": 50
        },
        "SoccerAgent.Losses.PolicyLoss.sum": {
            "value": 0.3717892309615011,
            "min": 0.0897410486386434,
            "max": 0.5259303190325564,
            "count": 50
        },
        "SoccerAgent.Losses.ValueLoss.mean": {
            "value": 4.953775373312585,
            "min": 0.13728337771802518,
            "max": 542.2318244775137,
            "count": 50
        },
        "SoccerAgent.Losses.ValueLoss.sum": {
            "value": 19.81510149325034,
            "min": 0.27456675543605036,
            "max": 542.2318244775137,
            "count": 50
        },
        "SoccerAgent.Policy.LearningRate.mean": {
            "value": 3.0878489707500027e-06,
            "min": 3.0878489707500027e-06,
            "max": 0.00029631360122879996,
            "count": 50
        },
        "SoccerAgent.Policy.LearningRate.sum": {
            "value": 1.235139588300001e-05,
            "min": 1.235139588300001e-05,
            "max": 0.0007305426564858,
            "count": 50
        },
        "SoccerAgent.Policy.Epsilon.mean": {
            "value": 0.10102925000000001,
            "min": 0.10102925000000001,
            "max": 0.19877119999999998,
            "count": 50
        },
        "SoccerAgent.Policy.Epsilon.sum": {
            "value": 0.40411700000000006,
            "min": 0.15704359999999998,
            "max": 0.7145014000000001,
            "count": 50
        },
        "SoccerAgent.Policy.Beta.mean": {
            "value": 1.5043325000000004e-05,
            "min": 1.5043325000000004e-05,
            "max": 0.00049397888,
            "count": 50
        },
        "SoccerAgent.Policy.Beta.sum": {
            "value": 6.0173300000000016e-05,
            "min": 6.0173300000000016e-05,
            "max": 0.0012232195799999998,
            "count": 50
        },
        "SoccerAgent.Environment.EpisodeLength.mean": {
            "value": 140.17241379310346,
            "min": 108.0,
            "max": 399.0,
            "count": 49
        },
        "SoccerAgent.Environment.EpisodeLength.sum": {
            "value": 24390.0,
            "min": 648.0,
            "max": 38304.0,
            "count": 49
        },
        "SoccerAgent.Self-play.ELO.mean": {
            "value": 1144.6336553051235,
            "min": 1085.923219209365,
            "max": 1200.9980825729888,
            "count": 49
        },
        "SoccerAgent.Self-play.ELO.sum": {
            "value": 99583.12801154575,
            "min": 3481.2205206157487,
            "max": 99583.12801154575,
            "count": 49
        },
        "SoccerAgent.Environment.CumulativeReward.mean": {
            "value": -0.7486666262834921,
            "min": -802.3279493543837,
            "max": 3.1335368156433105,
            "count": 49
        },
        "SoccerAgent.Environment.CumulativeReward.sum": {
            "value": -65.13399648666382,
            "min": -36104.757720947266,
            "max": 86.09402227401733,
            "count": 49
        },
        "SoccerAgent.Policy.ExtrinsicReward.mean": {
            "value": -0.7486666262834921,
            "min": -802.3279493543837,
            "max": 3.1335368156433105,
            "count": 49
        },
        "SoccerAgent.Policy.ExtrinsicReward.sum": {
            "value": -65.13399648666382,
            "min": -36104.757720947266,
            "max": 86.09402227401733,
            "count": 49
        },
        "SoccerAgent.IsTraining.mean": {
            "value": 1.0,
            "min": 1.0,
            "max": 1.0,
            "count": 50
        },
        "SoccerAgent.IsTraining.sum": {
            "value": 1.0,
            "min": 1.0,
            "max": 1.0,
            "count": 50
        }
    },
    "metadata": {
        "timer_format_version": "0.1.0",
        "start_time_seconds": "1760351823",
        "python_version": "3.10.12 | packaged by Anaconda, Inc. | (main, Jul  5 2023, 19:01:18) [MSC v.1916 64 bit (AMD64)]",
        "command_line_arguments": "C:\\Users\\sanic\\miniconda3\\envs\\mlagents\\Scripts\\mlagents-learn configs/basic.yaml --run-id=3v3run1 --torch-device cuda --force",
        "mlagents_version": "1.2.0.dev0",
        "mlagents_envs_version": "1.2.0.dev0",
        "communication_protocol_version": "1.5.0",
        "pytorch_version": "2.2.2+cu121",
        "numpy_version": "1.23.5",
        "end_time_seconds": "1760353000"
    },
    "total": 1176.9923634000006,
    "count": 1,
    "self": 0.011488900003314484,
    "children": {
        "run_training.setup": {
            "total": 0.06556290000298759,
            "count": 1,
            "self": 0.06556290000298759
        },
        "TrainerController.start_learning": {
            "total": 1176.9153115999943,
            "count": 1,
            "self": 0.2705313996921177,
            "children": {
                "TrainerController._reset_env": {
                    "total": 6.395934800006216,
                    "count": 5,
                    "self": 6.395934800006216
                },
                "TrainerController.advance": {
                    "total": 1170.132559100297,
                    "count": 10962,
                    "self": 0.2683910005071084,
                    "children": {
                        "env_step": {
                            "total": 670.7108664996049,
                            "count": 10962,
                            "self": 564.067115598773,
                            "children": {
                                "SubprocessEnvManager._take_step": {
                                    "total": 106.48583980024705,
                                    "count": 10962,
                                    "self": 1.7646573998354143,
                                    "children": {
                                        "TorchPolicy.evaluate": {
                                            "total": 104.72118240041164,
                                            "count": 21242,
                                            "self": 104.72118240041164
                                        }
                                    }
                                },
                                "workers": {
                                    "total": 0.1579111005848972,
                                    "count": 10962,
                                    "self": 0.0,
                                    "children": {
                                        "worker_root": {
                                            "total": 1171.078108999478,
                                            "count": 10962,